id_path;id_event
1;293
2;294
2;295
2;296
3;294
3;295
3;296
4;297
5;295
6;294
7;296
8;294
8;295
8;296
9;297
10;293
11;293
12;293
13;293
14;293
15;293
16;293
17;293
18;293
19;293
20;293
21;293
22;293
23;293
24;293
25;293
26;298
27;298
28;298
29;u6
30;u6
31;u6
32;u6
33;298
34;301
35;u6
36;u6
37;293
38;302
39;302
39;303
40;304
41;u6
42;u6
43;304
44;304
45;302
46;303
47;305
48;306
49;u8
50;308
51;308
52;u6
53;309
54;309
55;309
56;310
57;310
58;310
59;310
60;309
61;311
62;310
63;309
64;313
65;314
66;316
67;313
68;314
69;316
70;317
70;318
72;317
72;318
74;317
74;318
75;317
75;318
76;317
76;318
78;309
79;317
80;318
81;309
82;310
83;317
84;318
85;317
86;318
87;317
88;318
89;319
90;320
91;319
92;319
93;319
94;319
95;319
96;319
97;319
98;319
99;319
100;319
101;319
102;319
103;319
104;321
105;321
106;322
107;323
108;324
109;325
110;326
111;327
112;328
113;329
114;319
115;329
116;319
117;329
118;329
119;329
120;329
121;329
122;u9
123;u10
124;332
125;333
126;334
127;335
128;336
129;337
130;338
131;337
132;338
133;339
134;340
135;341
136;341
137;342
138;343
139;343
140;343
141;343
142;343
143;312
144;315
145;344
147;344
148;345
149;u20
149;u12
150;348
151;u13
152;348
153;348
165;351
165;355
166;351
167;331
168;351
169;353
170;351
171;351
172;354
173;351
173;351
174;351
174;354
175;351
175;354
175;355
176;299
176;300
177;351
178;353
179;357
180;299
180;300
181;354
182;351
182;354
183;351
184;358
185;358
186;357
187;357
188;359
189;357
190;357
191;357
192;357
193;357
194;357
195;358
195;357
196;357
197;357
197;358
198;357
198;358
198;357
199;361
200;357
200;357
201;889
201;362
202;357
202;357
203;358
204;361
205;361
206;357
207;357
207;357
208;357
208;357
209;357
209;358
209;357
210;358
211;359
212;358
213;357
213;357
214;u11
214;359
215;357
215;359
216;357
216;358
216;357
217;359
471;358
471;u14
471;u15
471;u31
471;u16
218;357
218;358
219;357
219;u17
220;u17
220;357
221;u3
222;358
222;357
223;351
223;357
223;358
224;357
225;357
225;358
225;359
226;366
227;u3
228;357
228;357
229;u3
229;u30
229;u7
230;u30
230;u1
231;357
231;359
231;u17
232;358
233;358
234;358
234;u18
235;819
235;820
236;371
237;371
238;357
239;357
240;357
241;372
242;358
242;359
243;361
244;373
245;u16
246;371
247;374
247;375
247;376
247;377
247;378
248;379
249;380
250;381
251;381
252;381
252;381
253;381
254;382
255;382
255;382
255;383
256;382
257;381
258;382
258;383
258;384
259;357
259;358
259;382
260;380
261;380
262;380
263;380
264;382
264;384
265;380
266;380
267;385
268;385
269;386
269;387
270;386
270;387
271;384
272;386
272;387
273;388
273;389
274;386
274;387
275;386
275;387
276;386
276;387
277;386
277;387
278;390
279;382
279;383
279;391
280;390
281;383
282;382
282;383
283;386
283;387
284;392
285;393
285;394
286;395
286;396
286;397
287;398
288;398
289;399
290;330
291;330
292;u21
293;360
294;367
294;u1
295;u22
296;380
296;u22
296;887
297;u22
298;766
299;766
300;766
301;767
301;768
302;769
303;770
304;770
305;770
306;771
307;771
308;772
309;770
451;772
309;773
310;u23
311;770
311;771
311;773
311;775
312;771
313;772
314;u24
315;u25
316;u25
317;778
318;u26
319;778
319;780
319;771
319;775
319;781
319;782
319;783
319;784
320;778
320;780
320;771
320;775
320;781
320;782
320;783
320;784
321;770
322;770
323;785
324;770
325;785
326;785
327;785
328;781
329;786
330;778
330;786
331;787
331;788
332;789
332;790
332;791
332;792
332;793
333;794
334;795
335;795
336;795
337;795
338;795
339;795
340;796
341;797
342;794
343;797
344;794
345;797
346;786
346;794
347;786
348;798
450;799
450;800
450;801
349;798
350;798
351;798
352;802
352;803
353;797
354;804
354;805
355;772
356;804
356;805
357;806
358;807
359;808
360;808
361;809
362;810
362;811
362;812
363;813
363;814
364;808
365;808
366;808
367;808
368;808
369;815
369;816
370;806
371;810
371;811
371;812
372;817
373;818
374;818
375;818
376;818
377;817
378;817
379;818
380;819
380;820
380;821
380;822
380;823
380;824
380;825
381;u27
382;u24
448;827
449;828
449;829
383;830
383;831
384;817
385;818
386;828
386;829
387;819
387;820
387;821
387;822
387;823
387;824
387;825
388;817
389;398
389;832
389;833
390;834
391;835
391;836
391;837
391;838
391;839
391;840
392;381
393;841
393;842
394;843
394;844
394;845
394;846
394;847
395;843
395;844
395;845
395;846
395;847
396;841
396;842
397;835
397;836
397;837
397;838
397;839
398;843
398;844
398;845
398;846
398;847
399;843
399;844
399;845
399;846
399;847
400;848
400;849
400;850
400;851
400;852
401;853
402;854
403;854
404;854
405;854
406;854
407;855
407;856
407;857
407;858
408;859
409;855
409;856
409;857
409;858
410;854
411;859
412;839
412;840
413;839
413;840
414;855
414;856
414;857
414;858
415;398
415;832
415;833
416;860
416;861
416;862
417;863
418;863
419;860
419;861
419;862
420;398
420;832
420;833
434;884
435;885
436;351
436;355
437;395
438;358
439;351
439;354
439;884
440;354
441;357
442;353
442;886
443;367
444;u16
446;337
446;338
156;351
156;354
156;355
157;354
158;354
158;884
159;354
160;354
161;351
161;354
161;355
162;351
162;354
162;355
155;351
155;354
155;355
163;351
163;354
163;355
164;351
164;354
164;355
154;351
226;888
201;890
145;345
452;390
453;351
453;354
454;398
455;343
456;319
457;293
458;293
459;293
460;357
461;351
461;354
461;355
461;348
462;309
463;778
464;351
464;355
465;294
466;891
447;355
447;351
467;u16
467;u2
468;u19
469;u2
470;357
470;u19
472;u32
472;u33
472;359
444;u19
245;u34
444;u19
229;u30
234;u18
234;u35
473;358
473;357
